,Name,memory,display,camera,battery,processor,specifications,ratings,price
0,"POCO C31 (Shadow Gray, 64 GB)",4 GB RAM | 64 GB ROM | Expandable Upto 512 GB,16.59 cm (6.53 inch) HD+ Display,13MP + 2MP + 2MP | 5MP Front Camera,5000 mAh Lithium-ion Polymer Battery,MediaTek Helio G35 Processor,"4 GB RAM | 64 GB ROM | Expandable Upto 512 GB16.59 cm (6.53 inch) HD+ Display13MP + 2MP + 2MP | 5MP Front Camera5000 mAh Lithium-ion Polymer BatteryMediaTek Helio G35 Processor1 Year Warranty for Handset, 6 Months for Accessories",4.4,"₹9,499"
1,"POCO C31 (Royal Blue, 32 GB)",3 GB RAM | 32 GB ROM | Expandable Upto 512 GB,16.59 cm (6.53 inch) HD+ Display,13MP + 2MP + 2MP | 5MP Front Camera,5000 mAh Lithium-ion Polymer Battery,MediaTek Helio G35 Processor,"3 GB RAM | 32 GB ROM | Expandable Upto 512 GB16.59 cm (6.53 inch) HD+ Display13MP + 2MP + 2MP | 5MP Front Camera5000 mAh Lithium-ion Polymer BatteryMediaTek Helio G35 Processor1 Year Warranty for Handset, 6 Months for Accessories",4.4,"₹7,999"
2,"POCO M3 Pro 5G (Cool Blue, 128 GB)",6 GB RAM | 128 GB ROM | Expandable Upto 1 TB,16.51 cm (6.5 inch) Full HD+ Display,48MP + 2MP + 2MP | 8MP Front Camera,5000 mAh Lithium-ion Polymer Battery,MediaTek Dimensity 700 Processor,"6 GB RAM | 128 GB ROM | Expandable Upto 1 TB16.51 cm (6.5 inch) Full HD+ Display48MP + 2MP + 2MP | 8MP Front Camera5000 mAh Lithium-ion Polymer BatteryMediaTek Dimensity 700 ProcessorMultiple Hands-free Voice AssistantOne Year Warranty for Handset, 6 Months for Accessories",4.2,"₹13,999"
3,"SAMSUNG Galaxy F12 (Sky Blue, 64 GB)",4 GB RAM | 64 GB ROM | Expandable Upto 512 GB,16.55 cm (6.515 inch) HD+ Display,48MP + 5MP + 2MP + 2MP | 8MP Front Camera,6000 mAh Lithium-ion Battery,Exynos 850 Processor,4 GB RAM | 64 GB ROM | Expandable Upto 512 GB16.55 cm (6.515 inch) HD+ Display48MP + 5MP + 2MP + 2MP | 8MP Front Camera6000 mAh Lithium-ion BatteryExynos 850 Processor1 Year Warranty Provided by the Manufacturer from Date of Purchase,4.3,"₹11,499"
4,"realme C11 2021 (Cool Grey, 64 GB)",4 GB RAM | 64 GB ROM | Expandable Upto 256 GB,16.51 cm (6.5 inch) HD+ Display,8MP Rear Camera | 5MP Front Camera,5000 mAh Battery,Octa-core Processor,4 GB RAM | 64 GB ROM | Expandable Upto 256 GB16.51 cm (6.5 inch) HD+ Display8MP Rear Camera | 5MP Front Camera5000 mAh BatteryOcta-core Processor1 Year Warranty for Mobile and 6 Months for Accessories,4.3,"₹9,049"
5,"realme 8 (Cyber Silver, 128 GB)",4 GB RAM | 128 GB ROM | Expandable Upto 256 GB,16.26 cm (6.4 inch) Full HD+ Display,64MP + 8MP + 2MP + 2MP | 16MP Front Camera,5000 mAh Battery,MediaTek Helio G95 Processor,4 GB RAM | 128 GB ROM | Expandable Upto 256 GB16.26 cm (6.4 inch) Full HD+ Display64MP + 8MP + 2MP + 2MP | 16MP Front Camera5000 mAh BatteryMediaTek Helio G95 ProcessorSuper AMOLED Display1 Year Warranty for Mobile and 6 Months for Accessories,4.3,"₹16,099"
6,"realme 8 (Cyber Black, 128 GB)",4 GB RAM | 128 GB ROM | Expandable Upto 256 GB,16.26 cm (6.4 inch) Full HD+ Display,64MP + 8MP + 2MP + 2MP | 16MP Front Camera,5000 mAh Battery,MediaTek Helio G95 Processor,4 GB RAM | 128 GB ROM | Expandable Upto 256 GB16.26 cm (6.4 inch) Full HD+ Display64MP + 8MP + 2MP + 2MP | 16MP Front Camera5000 mAh BatteryMediaTek Helio G95 ProcessorSuper AMOLED Display1 Year Warranty for Mobile and 6 Months for Accessories,4.3,"₹16,099"
7,"realme C11 2021 (Cool Blue, 32 GB)",2 GB RAM | 32 GB ROM | Expandable Upto 256 GB,16.51 cm (6.5 inch) HD+ Display,8MP Rear Camera | 5MP Front Camera,5000 mAh Battery,Octa-core Processor,2 GB RAM | 32 GB ROM | Expandable Upto 256 GB16.51 cm (6.5 inch) HD+ Display8MP Rear Camera | 5MP Front Camera5000 mAh BatteryOcta-core Processor1 Year Warranty for Mobile and 6 Months for Accessories,4.4,"₹7,549"
8,"realme C11 2021 (Cool Grey, 32 GB)",2 GB RAM | 32 GB ROM | Expandable Upto 256 GB,16.51 cm (6.5 inch) HD+ Display,8MP Rear Camera | 5MP Front Camera,5000 mAh Battery,Octa-core Processor,2 GB RAM | 32 GB ROM | Expandable Upto 256 GB16.51 cm (6.5 inch) HD+ Display8MP Rear Camera | 5MP Front Camera5000 mAh BatteryOcta-core Processor1 Year Warranty for Mobile and 6 Months for Accessories,4.4,"₹7,549"
9,"realme 8 (Cyber Silver, 128 GB)",8 GB RAM | 128 GB ROM | Expandable Upto 256 GB,16.26 cm (6.4 inch) Full HD+ Display,64MP + 8MP + 2MP + 2MP | 16MP Front Camera,5000 mAh Battery,MediaTek Helio G95 Processor,8 GB RAM | 128 GB ROM | Expandable Upto 256 GB16.26 cm (6.4 inch) Full HD+ Display64MP + 8MP + 2MP + 2MP | 16MP Front Camera5000 mAh BatteryMediaTek Helio G95 ProcessorSuper AMOLED Display1 Year Warranty for Mobile and 6 Months for Accessories,4.4,"₹18,049"
10,"SAMSUNG Galaxy F23 5G (Forest Green, 128 GB)",6 GB RAM | 128 GB ROM | Expandable Upto 1 TB,16.76 cm (6.6 inch) Full HD+ Display,50MP + 8MP + 2MP | 8MP Front Camera,5000 mAh Lithium Ion Battery,Qualcomm Snapdragon 750G Processor,6 GB RAM | 128 GB ROM | Expandable Upto 1 TB16.76 cm (6.6 inch) Full HD+ Display50MP + 8MP + 2MP | 8MP Front Camera5000 mAh Lithium Ion BatteryQualcomm Snapdragon 750G Processor1 Year Warranty Provided by the Manufacturer from Date of Purchase,4.3,"₹16,999"
11,"SAMSUNG Galaxy F23 5G (Aqua Blue, 128 GB)",6 GB RAM | 128 GB ROM | Expandable Upto 1 TB,16.76 cm (6.6 inch) Full HD+ Display,50MP + 8MP + 2MP | 8MP Front Camera,5000 mAh Lithium Ion Battery,Qualcomm Snapdragon 750G Processor,6 GB RAM | 128 GB ROM | Expandable Upto 1 TB16.76 cm (6.6 inch) Full HD+ Display50MP + 8MP + 2MP | 8MP Front Camera5000 mAh Lithium Ion BatteryQualcomm Snapdragon 750G Processor1 Year Warranty Provided by the Manufacturer from Date of Purchase,4.3,"₹16,999"
12,"realme C11 2021 (Cool Blue, 64 GB)",4 GB RAM | 64 GB ROM | Expandable Upto 256 GB,16.51 cm (6.5 inch) HD+ Display,8MP Rear Camera | 5MP Front Camera,5000 mAh Battery,Octa-core Processor,4 GB RAM | 64 GB ROM | Expandable Upto 256 GB16.51 cm (6.5 inch) HD+ Display8MP Rear Camera | 5MP Front Camera5000 mAh BatteryOcta-core Processor1 Year Warranty for Mobile and 6 Months for Accessories,4.3,"₹9,049"
13,"POCO M3 Pro 5G (Yellow, 64 GB)",4 GB RAM | 64 GB ROM | Expandable Upto 1 TB,16.51 cm (6.5 inch) Full HD+ Display,48MP + 2MP + 2MP | 8MP Front Camera,5000 mAh Lithium-ion Polymer Battery,MediaTek Dimensity 700 Processor,"4 GB RAM | 64 GB ROM | Expandable Upto 1 TB16.51 cm (6.5 inch) Full HD+ Display48MP + 2MP + 2MP | 8MP Front Camera5000 mAh Lithium-ion Polymer BatteryMediaTek Dimensity 700 ProcessorMultiple Hands-free Voice AssistantOne Year Warranty for Handset, 6 Months for Accessories",4.3,"₹11,999"
14,"realme 8 (Cyber Black, 128 GB)",6 GB RAM | 128 GB ROM | Expandable Upto 256 GB,16.26 cm (6.4 inch) Full HD+ Display,64MP + 8MP + 2MP + 2MP | 16MP Front Camera,5000 mAh Battery,MediaTek Helio G95 Processor,6 GB RAM | 128 GB ROM | Expandable Upto 256 GB16.26 cm (6.4 inch) Full HD+ Display64MP + 8MP + 2MP + 2MP | 16MP Front Camera5000 mAh BatteryMediaTek Helio G95 ProcessorSuper AMOLED Display1 Year Warranty for Mobile and 6 Months for Accessories,4.4,"₹17,049"
15,"realme 8 (Cyber Silver, 128 GB)",6 GB RAM | 128 GB ROM | Expandable Upto 256 GB,16.26 cm (6.4 inch) Full HD+ Display,64MP + 8MP + 2MP + 2MP | 16MP Front Camera,5000 mAh Battery,MediaTek Helio G95 Processor,6 GB RAM | 128 GB ROM | Expandable Upto 256 GB16.26 cm (6.4 inch) Full HD+ Display64MP + 8MP + 2MP + 2MP | 16MP Front Camera5000 mAh BatteryMediaTek Helio G95 ProcessorSuper AMOLED Display1 Year Warranty for Mobile and 6 Months for Accessories,4.4,"₹17,049"
16,"realme 8 (Cyber Black, 128 GB)",8 GB RAM | 128 GB ROM | Expandable Upto 256 GB,16.26 cm (6.4 inch) Full HD+ Display,64MP + 8MP + 2MP + 2MP | 16MP Front Camera,5000 mAh Battery,MediaTek Helio G95 Processor,8 GB RAM | 128 GB ROM | Expandable Upto 256 GB16.26 cm (6.4 inch) Full HD+ Display64MP + 8MP + 2MP + 2MP | 16MP Front Camera5000 mAh BatteryMediaTek Helio G95 ProcessorSuper AMOLED Display1 Year Warranty for Mobile and 6 Months for Accessories,4.4,"₹18,049"
17,"vivo T1 5G (Starlight Black, 128 GB)",4 GB RAM | 128 GB ROM | Expandable Upto 1 TB,16.71 cm (6.58 inch) Full HD+ Display,50MP + 2MP + 2MP | 16MP Front Camera,5000 mAh Lithium Battery,Qualcomm Snapdragon 695 Processor,4 GB RAM | 128 GB ROM | Expandable Upto 1 TB16.71 cm (6.58 inch) Full HD+ Display50MP + 2MP + 2MP | 16MP Front Camera5000 mAh Lithium BatteryQualcomm Snapdragon 695 Processor1 Year Handset and 6 Months Accessories,4.4,"₹15,990"
18,"vivo T1 5G (Starlight Black, 128 GB)",6 GB RAM | 128 GB ROM | Expandable Upto 1 TB,16.71 cm (6.58 inch) Full HD+ Display,50MP + 2MP + 2MP | 16MP Front Camera,5000 mAh Lithium Battery,Qualcomm Snapdragon 695 Processor,6 GB RAM | 128 GB ROM | Expandable Upto 1 TB16.71 cm (6.58 inch) Full HD+ Display50MP + 2MP + 2MP | 16MP Front Camera5000 mAh Lithium BatteryQualcomm Snapdragon 695 Processor1 Year Handset and 6 Months Accessories,4.4,"₹16,990"
19,"vivo T1 5G (Rainbow Fantasy, 128 GB)",4 GB RAM | 128 GB ROM | Expandable Upto 1 TB,16.71 cm (6.58 inch) Full HD+ Display,50MP + 2MP + 2MP | 16MP Front Camera,5000 mAh Lithium Battery,Qualcomm Snapdragon 695 Processor,4 GB RAM | 128 GB ROM | Expandable Upto 1 TB16.71 cm (6.58 inch) Full HD+ Display50MP + 2MP + 2MP | 16MP Front Camera5000 mAh Lithium BatteryQualcomm Snapdragon 695 Processor1 Year Handset and 6 Months Accessories,4.4,"₹15,990"
20,"vivo T1 5G (Rainbow Fantasy, 128 GB)",6 GB RAM | 128 GB ROM | Expandable Upto 1 TB,16.71 cm (6.58 inch) Full HD+ Display,50MP + 2MP + 2MP | 16MP Front Camera,5000 mAh Lithium Battery,Qualcomm Snapdragon 695 Processor,6 GB RAM | 128 GB ROM | Expandable Upto 1 TB16.71 cm (6.58 inch) Full HD+ Display50MP + 2MP + 2MP | 16MP Front Camera5000 mAh Lithium BatteryQualcomm Snapdragon 695 Processor1 Year Handset and 6 Months Accessories,4.4,"₹16,990"
21,"SAMSUNG Galaxy F12 (Sea Green, 64 GB)",4 GB RAM | 64 GB ROM | Expandable Upto 512 GB,16.55 cm (6.515 inch) HD+ Display,48MP + 5MP + 2MP + 2MP | 8MP Front Camera,6000 mAh Lithium-ion Battery,Exynos 850 Processor,4 GB RAM | 64 GB ROM | Expandable Upto 512 GB16.55 cm (6.515 inch) HD+ Display48MP + 5MP + 2MP + 2MP | 8MP Front Camera6000 mAh Lithium-ion BatteryExynos 850 Processor1 Year Warranty Provided by the Manufacturer from Date of Purchase,4.3,"₹11,499"
22,"realme C35 (Glowing Green, 128 GB)",4 GB RAM | 128 GB ROM | Expandable Upto 1 TB,16.76 cm (6.6 inch) Full HD+ Display,50MP + 2MP + 0.3MP | 8MP Front Camera,5000 mAh Lithium Polymer Battery,Unisoc Tiger T616 Processor,4 GB RAM | 128 GB ROM | Expandable Upto 1 TB16.76 cm (6.6 inch) Full HD+ Display50MP + 2MP + 0.3MP | 8MP Front Camera5000 mAh Lithium Polymer BatteryUnisoc Tiger T616 Processor1 Year Warranty for Phone and 6 Months Warranty for In-Box Accessories,4.4,"₹12,999"
23,"realme C21Y (Cross Black, 32 GB)",3 GB RAM | 32 GB ROM | Expandable Upto 256 GB,16.51 cm (6.5 inch) HD+ Display,13MP + 2MP + 2MP | 5MP Front Camera,5000 mAh Battery,Unisoc T610 Processor,3 GB RAM | 32 GB ROM | Expandable Upto 256 GB16.51 cm (6.5 inch) HD+ Display13MP + 2MP + 2MP | 5MP Front Camera5000 mAh BatteryUnisoc T610 Processor1 Year Warranty for Mobile and 6 Months for Accessories,4.6,"₹9,190"
24,"REDMI 9i Sport (Carbon Black, 64 GB)",4 GB RAM | 64 GB ROM | Expandable Upto 512 GB,16.59 cm (6.53 inch) HD+ Display,13MP Rear Camera | 5MP Front Camera,5000 mAh Li-Polymer Battery,MediaTek Helio G25 Processor,4 GB RAM | 64 GB ROM | Expandable Upto 512 GB16.59 cm (6.53 inch) HD+ Display13MP Rear Camera | 5MP Front Camera5000 mAh Li-Polymer BatteryMediaTek Helio G25 ProcessorBrand Warranty of 1 Year Available for Mobile and 6 Months for Accessories,4.4,"₹8,999"
25,"realme C25_Y (Metal Grey, 128 GB)",4 GB RAM | 128 GB ROM,16.51 cm (6.5 inch) HD+ Display,50MP + 2MP + 2MP | 8MP Front Camera,5000 mAh LiPo Battery,Unisoc T618 Processor,4 GB RAM | 128 GB ROM16.51 cm (6.5 inch) HD+ Display50MP + 2MP + 2MP | 8MP Front Camera5000 mAh LiPo BatteryUnisoc T618 Processor1 Year Domestic Warranty,4.5,"₹11,999"
26,"realme C25_Y (Glacier Blue, 64 GB)",4 GB RAM | 64 GB ROM,16.51 cm (6.5 inch) HD+ Display,50MP + 2MP + 2MP | 8MP Front Camera,5000 mAh LiPo Battery,Unisoc T618 Processor,4 GB RAM | 64 GB ROM16.51 cm (6.5 inch) HD+ Display50MP + 2MP + 2MP | 8MP Front Camera5000 mAh LiPo BatteryUnisoc T618 Processor1 Year Domestic Warranty,4.5,"₹11,999"
27,"realme C25_Y (Metal Grey, 64 GB)",4 GB RAM | 64 GB ROM,16.51 cm (6.5 inch) HD+ Display,50MP + 2MP + 2MP | 8MP Front Camera,5000 mAh LiPo Battery,Unisoc T618 Processor,4 GB RAM | 64 GB ROM16.51 cm (6.5 inch) HD+ Display50MP + 2MP + 2MP | 8MP Front Camera5000 mAh LiPo BatteryUnisoc T618 Processor1 Year Domestic Warranty,4.5,"₹10,999"
28,"REDMI Note 10 Pro (Dark Night, 128 GB)",6 GB RAM | 128 GB ROM | Expandable Upto 512 GB,16.94 cm (6.67 inch) Full HD+ Display,64MP + 8MP + 5MP + 2MP | 16MP Front Camera,5020 mAh Li-Polymer Battery,Qualcomm Snapdragon 732G Processor,6 GB RAM | 128 GB ROM | Expandable Upto 512 GB16.94 cm (6.67 inch) Full HD+ Display64MP + 8MP + 5MP + 2MP | 16MP Front Camera5020 mAh Li-Polymer BatteryQualcomm Snapdragon 732G Processor1 Year Manufacturer Warranty for Phone and 6 Months Warranty for In the Box Accessories,4.3,"₹16,999"
29,"realme C25Y (Glacier Blue, 64 GB)",4 GB RAM | 64 GB ROM | Expandable Upto 256 GB,16.51 cm (6.5 inch) HD+ Display,50MP + 2MP + 2MP | 8MP Front Camera,5000 mAh Battery,Unisoc T610 Octa Core Processor,4 GB RAM | 64 GB ROM | Expandable Upto 256 GB16.51 cm (6.5 inch) HD+ Display50MP + 2MP + 2MP | 8MP Front Camera5000 mAh BatteryUnisoc T610 Octa Core Processor1 Year Warranty for Mobile and 6 Months for Accessories,4.5,"₹10,999"
30,"POCO M3 Pro 5G (Power Black, 128 GB)",6 GB RAM | 128 GB ROM | Expandable Upto 1 TB,16.51 cm (6.5 inch) Full HD+ Display,48MP + 2MP + 2MP | 8MP Front Camera,5000 mAh Lithium-ion Polymer Battery,MediaTek Dimensity 700 Processor,"6 GB RAM | 128 GB ROM | Expandable Upto 1 TB16.51 cm (6.5 inch) Full HD+ Display48MP + 2MP + 2MP | 8MP Front Camera5000 mAh Lithium-ion Polymer BatteryMediaTek Dimensity 700 ProcessorMultiple Hands-free Voice AssistantOne Year Warranty for Handset, 6 Months for Accessories",4.2,"₹13,999"
31,"realme C25Y (Metal Grey, 64 GB)",4 GB RAM | 64 GB ROM | Expandable Upto 256 GB,16.51 cm (6.5 inch) HD+ Display,50MP + 2MP + 2MP | 8MP Front Camera,5000 mAh Battery,Unisoc T610 Octa Core Processor,4 GB RAM | 64 GB ROM | Expandable Upto 256 GB16.51 cm (6.5 inch) HD+ Display50MP + 2MP + 2MP | 8MP Front Camera5000 mAh BatteryUnisoc T610 Octa Core Processor1 Year Warranty for Mobile and 6 Months for Accessories,4.5,"₹10,999"
32,"realme C21Y (Cross Black, 64 GB)",4 GB RAM | 64 GB ROM | Expandable Upto 256 GB,16.51 cm (6.5 inch) HD+ Display,13MP + 2MP + 2MP | 5MP Front Camera,5000 mAh Battery,Unisoc T610 Processor,4 GB RAM | 64 GB ROM | Expandable Upto 256 GB16.51 cm (6.5 inch) HD+ Display13MP + 2MP + 2MP | 5MP Front Camera5000 mAh BatteryUnisoc T610 Processor1 Year Warranty for Mobile and 6 Months for Accessories,4.5,"₹10,499"
33,"realme C21Y (Cross Blue, 64 GB)",4 GB RAM | 64 GB ROM | Expandable Upto 256 GB,16.51 cm (6.5 inch) HD+ Display,13MP + 2MP + 2MP | 5MP Front Camera,5000 mAh Battery,Unisoc T610 Processor,4 GB RAM | 64 GB ROM | Expandable Upto 256 GB16.51 cm (6.5 inch) HD+ Display13MP + 2MP + 2MP | 5MP Front Camera5000 mAh BatteryUnisoc T610 Processor1 Year Warranty for Mobile and 6 Months for Accessories,4.5,"₹10,499"
34,"realme 9i (Prism Blue, 64 GB)",4 GB RAM | 64 GB ROM | Expandable Upto 1 TB,16.76 cm (6.6 inch) Full HD+ Display,50MP + 2MP + 2MP | 16MP Front Camera,5000 mAh Lithium ion Battery,Qualcomm Snapdragon 680 (SM6225) Processor,4 GB RAM | 64 GB ROM | Expandable Upto 1 TB16.76 cm (6.6 inch) Full HD+ Display50MP + 2MP + 2MP | 16MP Front Camera5000 mAh Lithium ion BatteryQualcomm Snapdragon 680 (SM6225) Processor1 Year Manufacturer Warranty for Phone and 6 Months Warranty for in the Box Accessories,4.5,"₹12,999"
35,"REDMI Note 10 Pro (Vintage Bronze, 128 GB)",6 GB RAM | 128 GB ROM | Expandable Upto 512 GB,16.94 cm (6.67 inch) Full HD+ Display,64MP + 8MP + 5MP + 2MP | 16MP Front Camera,5020 mAh Li-Polymer Battery,Qualcomm Snapdragon 732G Processor,6 GB RAM | 128 GB ROM | Expandable Upto 512 GB16.94 cm (6.67 inch) Full HD+ Display64MP + 8MP + 5MP + 2MP | 16MP Front Camera5020 mAh Li-Polymer BatteryQualcomm Snapdragon 732G Processor1 Year Manufacturer Warranty for Phone and 6 Months Warranty for In the Box Accessories,4.3,"₹16,999"
36,"realme C20 (Cool Grey, 32 GB)",2 GB RAM | 32 GB ROM | Expandable Upto 256 GB,16.51 cm (6.5 inch) HD+ Display,8MP Rear Camera | 5MP Front Camera,5000 mAh Battery,MediaTek Helio G35 Processor,2 GB RAM | 32 GB ROM | Expandable Upto 256 GB16.51 cm (6.5 inch) HD+ Display8MP Rear Camera | 5MP Front Camera5000 mAh BatteryMediaTek Helio G35 Processor1 Year Warranty for Mobile and 6 Months for Accessories,4.4,"₹7,499"
37,"SAMSUNG Galaxy F12 (Celestial Black, 64 GB)",4 GB RAM | 64 GB ROM | Expandable Upto 512 GB,16.55 cm (6.515 inch) HD+ Display,48MP + 5MP + 2MP + 2MP | 8MP Front Camera,6000 mAh Lithium-ion Battery,Exynos 850 Processor,4 GB RAM | 64 GB ROM | Expandable Upto 512 GB16.55 cm (6.515 inch) HD+ Display48MP + 5MP + 2MP + 2MP | 8MP Front Camera6000 mAh Lithium-ion BatteryExynos 850 Processor1 Year Warranty Provided by the Manufacturer from Date of Purchase,4.3,"₹11,499"
38,"realme 9i (Prism Black, 64 GB)",4 GB RAM | 64 GB ROM | Expandable Upto 1 TB,16.76 cm (6.6 inch) Full HD+ Display,50MP + 2MP + 2MP | 16MP Front Camera,5000 mAh Lithium ion Battery,Qualcomm Snapdragon 680 (SM6225) Processor,4 GB RAM | 64 GB ROM | Expandable Upto 1 TB16.76 cm (6.6 inch) Full HD+ Display50MP + 2MP + 2MP | 16MP Front Camera5000 mAh Lithium ion BatteryQualcomm Snapdragon 680 (SM6225) Processor1 Year Manufacturer Warranty for Phone and 6 Months Warranty for in the Box Accessories,4.5,"₹12,999"
39,"POCO M3 Pro 5G (Yellow, 128 GB)",6 GB RAM | 128 GB ROM | Expandable Upto 1 TB,16.51 cm (6.5 inch) Full HD+ Display,48MP + 2MP + 2MP | 8MP Front Camera,5000 mAh Lithium-ion Polymer Battery,MediaTek Dimensity 700 Processor,"6 GB RAM | 128 GB ROM | Expandable Upto 1 TB16.51 cm (6.5 inch) Full HD+ Display48MP + 2MP + 2MP | 8MP Front Camera5000 mAh Lithium-ion Polymer BatteryMediaTek Dimensity 700 ProcessorMultiple Hands-free Voice AssistantOne Year Warranty for Handset, 6 Months for Accessories",4.2,"₹13,999"
40,"realme C20 (Cool Blue, 32 GB)",2 GB RAM | 32 GB ROM | Expandable Upto 256 GB,16.51 cm (6.5 inch) HD+ Display,8MP Rear Camera | 5MP Front Camera,5000 mAh Battery,MediaTek Helio G35 Processor,2 GB RAM | 32 GB ROM | Expandable Upto 256 GB16.51 cm (6.5 inch) HD+ Display8MP Rear Camera | 5MP Front Camera5000 mAh BatteryMediaTek Helio G35 Processor1 Year Warranty for Mobile and 6 Months for Accessories,4.4,"₹7,499"
41,"REDMI Note 10S (Deep Sea Blue, 64 GB)",6 GB RAM | 64 GB ROM | Expandable Upto 512 GB,16.33 cm (6.43 inch) Full HD+ Display,64MP + 8MP + 2MP + 2MP | 13MP Front Camera,5000 mAh Lithium-Ploymer Battery,Mediatek Helio G95 Processor,6 GB RAM | 64 GB ROM | Expandable Upto 512 GB16.33 cm (6.43 inch) Full HD+ Display64MP + 8MP + 2MP + 2MP | 13MP Front Camera5000 mAh Lithium-Ploymer BatteryMediatek Helio G95 Processor1 Year Manufacturer Warranty for Phone and 6 Months Warranty for In the Box Accessories,4.2,"₹15,299"
42,"REDMI 9i Sport (Metallic Blue, 64 GB)",4 GB RAM | 64 GB ROM | Expandable Upto 512 GB,16.59 cm (6.53 inch) HD+ Display,13MP Rear Camera | 5MP Front Camera,5000 mAh Li-Polymer Battery,MediaTek Helio G25 Processor,4 GB RAM | 64 GB ROM | Expandable Upto 512 GB16.59 cm (6.53 inch) HD+ Display13MP Rear Camera | 5MP Front Camera5000 mAh Li-Polymer BatteryMediaTek Helio G25 ProcessorBrand Warranty of 1 Year Available for Mobile and 6 Months for Accessories,4.4,"₹8,999"
43,"MOTOROLA E7 Power (Tahiti Blue, 64 GB)",4 GB RAM | 64 GB ROM | Expandable Upto 1 TB,16.54 cm (6.51 inch) HD+ Display,13MP + 2MP | 5MP Front Camera,5000 mAh Battery,MediaTek Helio G25 Processor,4 GB RAM | 64 GB ROM | Expandable Upto 1 TB16.54 cm (6.51 inch) HD+ Display13MP + 2MP | 5MP Front Camera5000 mAh BatteryMediaTek Helio G25 Processor1 Year on Handset and 6 Months on Accessories,4.1,"₹9,058"
44,"MOTOROLA G40 Fusion (Dynamic Gray, 128 GB)",6 GB RAM | 128 GB ROM,17.22 cm (6.78 inch) Full HD+ Display,64MP + 8MP + 2MP | 16MP Front Camera,6000 mAh Battery,Qualcomm Snapdragon 732G Processor,6 GB RAM | 128 GB ROM17.22 cm (6.78 inch) Full HD+ Display64MP + 8MP + 2MP | 16MP Front Camera6000 mAh BatteryQualcomm Snapdragon 732G Processor120Hz Refresh RateStock Android Experience1 Year on Handset and 6 Months on Accessories,4.3,"₹16,599"
45,"realme Narzo 50A (Oxygen Green, 64 GB)",4 GB RAM | 64 GB ROM | Expandable Upto 256 GB,16.51 cm (6.5 inch) HD+ Display,50MP + 2MP + 2MP | 8MP Front Camera,6000 mAh Battery,MediaTek Helio G85 Processor,4 GB RAM | 64 GB ROM | Expandable Upto 256 GB16.51 cm (6.5 inch) HD+ Display50MP + 2MP + 2MP | 8MP Front Camera6000 mAh BatteryMediaTek Helio G85 Processor1 Year Warranty for Mobile and 6 Months for Accessories,4.4,"₹11,549"
46,"REDMI Note 10S (Deep Sea Blue, 128 GB)",6 GB RAM | 128 GB ROM | Expandable Upto 512 GB,16.33 cm (6.43 inch) Full HD+ Display,64MP + 8MP + 2MP + 2MP | 13MP Front Camera,5000 mAh Lithium-Ploymer Battery,Mediatek Helio G95 Processor,6 GB RAM | 128 GB ROM | Expandable Upto 512 GB16.33 cm (6.43 inch) Full HD+ Display64MP + 8MP + 2MP + 2MP | 13MP Front Camera5000 mAh Lithium-Ploymer BatteryMediatek Helio G95 Processor1 Year Manufacturer Warranty for Phone and 6 Months Warranty for In the Box Accessories,4.2,"₹15,999"
47,"Infinix Hot 10 Play (7° Purple, 64 GB)",4 GB RAM | 64 GB ROM | Expandable Upto 256 GB,17.32 cm (6.82 inch) HD+ Display,13MP + Depth Sensor | 8MP Front Camera,6000 mAh Li-ion Polymer Battery,MediaTek Helio G35 Processor,4 GB RAM | 64 GB ROM | Expandable Upto 256 GB17.32 cm (6.82 inch) HD+ Display13MP + Depth Sensor | 8MP Front Camera6000 mAh Li-ion Polymer BatteryMediaTek Helio G35 Processor1 Year on Handset and 6 Months on Accessories,4.3,"₹9,499"
48,"Infinix Hot 10 Play (7° Purple, 64 GB)",4 GB RAM | 64 GB ROM | Expandable Upto 256 GB,17.32 cm (6.82 inch) HD+ Display,13MP + Depth Sensor | 8MP Front Camera,6000 mAh Li-ion Polymer Battery,MediaTek Helio G35 Processor,4 GB RAM | 64 GB ROM | Expandable Upto 256 GB17.32 cm (6.82 inch) HD+ Display13MP + Depth Sensor | 8MP Front Camera6000 mAh Li-ion Polymer BatteryMediaTek Helio G35 Processor1 Year on Handset and 6 Months on Accessories,4.3,"₹9,499"
49,"Infinix Hot 10 Play (Aegean Blue, 64 GB)",4 GB RAM | 64 GB ROM | Expandable Upto 256 GB,17.32 cm (6.82 inch) HD+ Display,13MP + Depth Sensor | 8MP Front Camera,6000 mAh Li-ion Polymer Battery,MediaTek Helio G35 Processor,4 GB RAM | 64 GB ROM | Expandable Upto 256 GB17.32 cm (6.82 inch) HD+ Display13MP + Depth Sensor | 8MP Front Camera6000 mAh Li-ion Polymer BatteryMediaTek Helio G35 Processor1 Year on Handset and 6 Months on Accessories,4.3,"₹9,499"
50,"realme Narzo 50A (Oxygen Blue, 64 GB)",4 GB RAM | 64 GB ROM | Expandable Upto 256 GB,16.51 cm (6.5 inch) HD+ Display,50MP + 2MP + 2MP | 8MP Front Camera,6000 mAh Battery,MediaTek Helio G85 Processor,4 GB RAM | 64 GB ROM | Expandable Upto 256 GB16.51 cm (6.5 inch) HD+ Display50MP + 2MP + 2MP | 8MP Front Camera6000 mAh BatteryMediaTek Helio G85 Processor1 Year Warranty for Mobile and 6 Months for Accessories,4.4,"₹11,549"
51,"realme 9 Pro 5G (Aurora Green, 128 GB)",8 GB RAM | 128 GB ROM | Expandable Upto 256 GB,16.76 cm (6.6 inch) Full HD+ Display,64MP + 8MP + 2MP | 16MP Front Camera,5000 mAh Li-ion Battery,Qualcomm Snapdragon 695 Processor,8 GB RAM | 128 GB ROM | Expandable Upto 256 GB16.76 cm (6.6 inch) Full HD+ Display64MP + 8MP + 2MP | 16MP Front Camera5000 mAh Li-ion BatteryQualcomm Snapdragon 695 Processor1 Year Warranty for Phone and 6 Months Warranty for In-Box Accessories,4.4,"₹20,999"
52,"realme 9 Pro 5G (Midnight Black, 128 GB)",6 GB RAM | 128 GB ROM | Expandable Upto 256 GB,16.76 cm (6.6 inch) Full HD+ Display,64MP + 8MP + 2MP | 16MP Front Camera,5000 mAh Li-ion Battery,Qualcomm Snapdragon 695 Processor,6 GB RAM | 128 GB ROM | Expandable Upto 256 GB16.76 cm (6.6 inch) Full HD+ Display64MP + 8MP + 2MP | 16MP Front Camera5000 mAh Li-ion BatteryQualcomm Snapdragon 695 Processor1 Year Warranty for Phone and 6 Months Warranty for In-Box Accessories,4.4,"₹17,999"
53,"vivo T1 5G (Starlight Black, 128 GB)",8 GB RAM | 128 GB ROM | Expandable Upto 1 TB,16.71 cm (6.58 inch) Full HD+ Display,50MP + 2MP + 2MP | 16MP Front Camera,5000 mAh Lithium Battery,Qualcomm Snapdragon 695 Processor,8 GB RAM | 128 GB ROM | Expandable Upto 1 TB16.71 cm (6.58 inch) Full HD+ Display50MP + 2MP + 2MP | 16MP Front Camera5000 mAh Lithium BatteryQualcomm Snapdragon 695 Processor1 Year Handset and 6 Months Accessories,4.3,"₹19,990"
54,"realme 9 Pro 5G (Aurora Green, 128 GB)",6 GB RAM | 128 GB ROM | Expandable Upto 256 GB,16.76 cm (6.6 inch) Full HD+ Display,64MP + 8MP + 2MP | 16MP Front Camera,5000 mAh Li-ion Battery,Qualcomm Snapdragon 695 Processor,6 GB RAM | 128 GB ROM | Expandable Upto 256 GB16.76 cm (6.6 inch) Full HD+ Display64MP + 8MP + 2MP | 16MP Front Camera5000 mAh Li-ion BatteryQualcomm Snapdragon 695 Processor1 Year Warranty for Phone and 6 Months Warranty for In-Box Accessories,4.4,"₹17,999"
55,"MOTOROLA g31 (Baby Blue, 64 GB)",4 GB RAM | 64 GB ROM | Expandable Upto 1 TB,16.26 cm (6.4 Inch) Full HD+ Display,50MP + 8MP + 2MP | 13MP Front Camera,5000 mAh LiPo Battery,Mediatek Helio G85 Processor,4 GB RAM | 64 GB ROM | Expandable Upto 1 TB16.26 cm (6.4 Inch) Full HD+ Display50MP + 8MP + 2MP | 13MP Front Camera5000 mAh LiPo BatteryMediatek Helio G85 Processor1 Year on Handset and 6 Months on Accessories,4.3,"₹13,099"
56,"POCO M4 Pro 5G (Cool Blue, 128 GB)",6 GB RAM | 128 GB ROM | Expandable Upto 1 TB,16.76 cm (6.6 inch) Full HD+ Display,50MP + 8MP | 16MP Front Camera,5000 mAh Lithium-ion Polymer Battery,Mediatek Dimensity 810 Processor,"6 GB RAM | 128 GB ROM | Expandable Upto 1 TB16.76 cm (6.6 inch) Full HD+ Display50MP + 8MP | 16MP Front Camera5000 mAh Lithium-ion Polymer BatteryMediatek Dimensity 810 ProcessorOne Year for Handset, 6 Months for Accessories",4.4,"₹16,999"
57,"realme Narzo 50A (Oxygen Green, 128 GB)",4 GB RAM | 128 GB ROM | Expandable Upto 256 GB,16.51 cm (6.5 inch) HD+ Display,50MP + 2MP + 2MP | 8MP Front Camera,6000 mAh Battery,MediaTek Helio G85 Processor,4 GB RAM | 128 GB ROM | Expandable Upto 256 GB16.51 cm (6.5 inch) HD+ Display50MP + 2MP + 2MP | 8MP Front Camera6000 mAh BatteryMediaTek Helio G85 Processor1 Year Warranty for Mobile and 6 Months for Accessories,4.4,"₹12,549"
58,"vivo T1 5G (Rainbow Fantasy, 128 GB)",8 GB RAM | 128 GB ROM | Expandable Upto 1 TB,16.71 cm (6.58 inch) Full HD+ Display,50MP + 2MP + 2MP | 16MP Front Camera,5000 mAh Lithium Battery,Qualcomm Snapdragon 695 Processor,8 GB RAM | 128 GB ROM | Expandable Upto 1 TB16.71 cm (6.58 inch) Full HD+ Display50MP + 2MP + 2MP | 16MP Front Camera5000 mAh Lithium BatteryQualcomm Snapdragon 695 Processor1 Year Handset and 6 Months Accessories,4.3,"₹19,990"
59,"realme 9 5G (Meteor Black, 128 GB)",6 GB RAM | 128 GB ROM | Expandable Upto 1 TB,16.51 cm (6.5 inch) Full HD+ Display,48MP + 2MP + 2MP | 16MP Front Camera,5000 mAh Lithium Polymer Battery,Mediatek Dimensity 810 Processor,6 GB RAM | 128 GB ROM | Expandable Upto 1 TB16.51 cm (6.5 inch) Full HD+ Display48MP + 2MP + 2MP | 16MP Front Camera5000 mAh Lithium Polymer BatteryMediatek Dimensity 810 Processor1 Year Warranty for Phone and 6 Months Warranty for In-Box Accessories,4.7,"₹17,499"
60,"realme 9 5G (Stargaze White, 64 GB)",4 GB RAM | 64 GB ROM | Expandable Upto 1 TB,16.51 cm (6.5 inch) Full HD+ Display,48MP + 2MP + 2MP | 16MP Front Camera,5000 mAh Lithium Polymer Battery,Mediatek Dimensity 810 Processor,4 GB RAM | 64 GB ROM | Expandable Upto 1 TB16.51 cm (6.5 inch) Full HD+ Display48MP + 2MP + 2MP | 16MP Front Camera5000 mAh Lithium Polymer BatteryMediatek Dimensity 810 Processor1 Year Warranty for Phone and 6 Months Warranty for In-Box Accessories,4.5,"₹14,999"
61,"realme 9 5G (Stargaze White, 128 GB)",6 GB RAM | 128 GB ROM | Expandable Upto 1 TB,16.51 cm (6.5 inch) Full HD+ Display,48MP + 2MP + 2MP | 16MP Front Camera,5000 mAh Lithium Polymer Battery,Mediatek Dimensity 810 Processor,6 GB RAM | 128 GB ROM | Expandable Upto 1 TB16.51 cm (6.5 inch) Full HD+ Display48MP + 2MP + 2MP | 16MP Front Camera5000 mAh Lithium Polymer BatteryMediatek Dimensity 810 Processor1 Year Warranty for Phone and 6 Months Warranty for In-Box Accessories,4.7,"₹17,499"
62,"realme Narzo 50A (Oxygen Blue, 128 GB)",4 GB RAM | 128 GB ROM | Expandable Upto 256 GB,16.51 cm (6.5 inch) HD+ Display,50MP + 2MP + 2MP | 8MP Front Camera,6000 mAh Battery,MediaTek Helio G85 Processor,4 GB RAM | 128 GB ROM | Expandable Upto 256 GB16.51 cm (6.5 inch) HD+ Display50MP + 2MP + 2MP | 8MP Front Camera6000 mAh BatteryMediaTek Helio G85 Processor1 Year Warranty for Mobile and 6 Months for Accessories,4.4,"₹12,549"
63,"realme 9i (Prism Blue, 128 GB)",6 GB RAM | 128 GB ROM | Expandable Upto 1 TB,16.76 cm (6.6 inch) Full HD+ Display,50MP + 2MP + 2MP | 16MP Front Camera,5000 mAh Lithium ion Battery,Qualcomm Snapdragon 680 (SM6225) Processor,6 GB RAM | 128 GB ROM | Expandable Upto 1 TB16.76 cm (6.6 inch) Full HD+ Display50MP + 2MP + 2MP | 16MP Front Camera5000 mAh Lithium ion BatteryQualcomm Snapdragon 680 (SM6225) Processor1 Year Manufacturer Warranty for Phone and 6 Months Warranty for in the Box Accessories,4.3,"₹15,999"
64,"REDMI 9i (Midnight Black, 64 GB)",4 GB RAM | 64 GB ROM | Expandable Upto 512 GB,16.59 cm (6.53 inch) HD+ Display,13MP Rear Camera | 5MP Front Camera,5000 mAh Lithium Polymer Battery,MediaTek Helio G25 Processor,4 GB RAM | 64 GB ROM | Expandable Upto 512 GB16.59 cm (6.53 inch) HD+ Display13MP Rear Camera | 5MP Front Camera5000 mAh Lithium Polymer BatteryMediaTek Helio G25 ProcessorBrand Warranty of 1 Year Available for Mobile and 6 Months for Accessories,4.3,"₹8,999"
65,"Infinix Hot 10 Play (Obsidian Black, 64 GB)",4 GB RAM | 64 GB ROM | Expandable Upto 256 GB,17.32 cm (6.82 inch) HD+ Display,13MP + Depth Sensor | 8MP Front Camera,6000 mAh Li-ion Polymer Battery,MediaTek Helio G35 Processor,4 GB RAM | 64 GB ROM | Expandable Upto 256 GB17.32 cm (6.82 inch) HD+ Display13MP + Depth Sensor | 8MP Front Camera6000 mAh Li-ion Polymer BatteryMediaTek Helio G35 Processor1 Year on Handset and 6 Months on Accessories,4.3,"₹9,499"
66,"realme Narzo 30 5G (Racing Blue, 128 GB)",6 GB RAM | 128 GB ROM | Expandable Upto 1 TB,16.51 cm (6.5 inch) Full HD+ Display,48MP + 2MP + 2MP | 16MP Front Camera,5000 mAh Battery,MediaTek Dimensity 700 (MT6833) Processor,6 GB RAM | 128 GB ROM | Expandable Upto 1 TB16.51 cm (6.5 inch) Full HD+ Display48MP + 2MP + 2MP | 16MP Front Camera5000 mAh BatteryMediaTek Dimensity 700 (MT6833) Processor1 Year Warranty for Mobile and 6 Months for Accessories,4.3,"₹16,999"
67,"MOTOROLA g31 (Meteorite Grey, 64 GB)",4 GB RAM | 64 GB ROM | Expandable Upto 1 TB,16.26 cm (6.4 inch) Full HD+ Display,50MP + 8MP + 2MP | 13MP Front Camera,5000 mAh LiPo Battery,Mediatek Helio G85 Processor,4 GB RAM | 64 GB ROM | Expandable Upto 1 TB16.26 cm (6.4 inch) Full HD+ Display50MP + 8MP + 2MP | 13MP Front Camera5000 mAh LiPo BatteryMediatek Helio G85 Processor1 Year on Handset and 6 Months on Accessories,4.3,"₹13,099"
68,"Infinix Hot 11 (Emerald Green, 64 GB)",4 GB RAM | 64 GB ROM | Expandable Upto 256 GB,16.76 cm (6.6 inch) Full HD+ Display,13MP + Depth Lens | 8MP Front Camera,5200 mAh Li-ion Polymer Battery,MediaTek Helio G70 Processor,4 GB RAM | 64 GB ROM | Expandable Upto 256 GB16.76 cm (6.6 inch) Full HD+ Display13MP + Depth Lens | 8MP Front Camera5200 mAh Li-ion Polymer BatteryMediaTek Helio G70 Processor1 Year on Handset and 6 Months on Accessories,4.4,"₹9,999"
69,"SAMSUNG Galaxy F23 5G (Forest Green, 128 GB)",4 GB RAM | 128 GB ROM | Expandable Upto 1 TB,16.76 cm (6.6 inch) Full HD+ Display,50MP + 8MP + 2MP | 8MP Front Camera,5000 mAh Lithium Ion Battery,Qualcomm Snapdragon 750G Processor,4 GB RAM | 128 GB ROM | Expandable Upto 1 TB16.76 cm (6.6 inch) Full HD+ Display50MP + 8MP + 2MP | 8MP Front Camera5000 mAh Lithium Ion BatteryQualcomm Snapdragon 750G Processor1 Year Warranty Provided by the Manufacturer from Date of Purchase,4,"₹15,999"
70,"POCO M4 Pro (Power Black, 64 GB)",6 GB RAM | 64 GB ROM | Expandable Upto 1 TB,16.33 cm (6.43 inch) Full HD+ AMOLED Display,64MP + 8MP + 2MP | 16MP Front Camera,5000 mAh Lithium-ion Polymer Battery,Mediatek Helio G96 Processor,"6 GB RAM | 64 GB ROM | Expandable Upto 1 TB16.33 cm (6.43 inch) Full HD+ AMOLED Display64MP + 8MP + 2MP | 16MP Front Camera5000 mAh Lithium-ion Polymer BatteryMediatek Helio G96 ProcessorOne Year for Handset, 6 Months for Accessories",4.4,"₹14,999"
71,"SAMSUNG Galaxy F23 5G (Aqua Blue, 128 GB)",4 GB RAM | 128 GB ROM | Expandable Upto 1 TB,16.76 cm (6.6 inch) Full HD+ Display,50MP + 8MP + 2MP | 8MP Front Camera,5000 mAh Lithium Ion Battery,Qualcomm Snapdragon 750G Processor,4 GB RAM | 128 GB ROM | Expandable Upto 1 TB16.76 cm (6.6 inch) Full HD+ Display50MP + 8MP + 2MP | 8MP Front Camera5000 mAh Lithium Ion BatteryQualcomm Snapdragon 750G Processor1 Year Warranty Provided by the Manufacturer from Date of Purchase,4,"₹15,999"
72,"Infinix Smart 5 (7 Purple, 32 GB)",2 GB RAM | 32 GB ROM | Expandable Upto 256 GB,17.32 cm (6.82 inch) HD+ Display,13MP + Low Light Sensor | 8MP Front Camera,6000 mAh Li-ion Polymer Battery,MediaTek Helio G25 Processor,2 GB RAM | 32 GB ROM | Expandable Upto 256 GB17.32 cm (6.82 inch) HD+ Display13MP + Low Light Sensor | 8MP Front Camera6000 mAh Li-ion Polymer BatteryMediaTek Helio G25 Processor1 Year on Handset and 6 Months on Accessories,4.3,"₹7,499"
73,"Infinix Smart 5 (Aegean Blue, 32 GB)",2 GB RAM | 32 GB ROM | Expandable Upto 256 GB,17.32 cm (6.82 inch) HD+ Display,13MP + Low Light Sensor | 8MP Front Camera,6000 mAh Li-ion Polymer Battery,MediaTek Helio G25 Processor,2 GB RAM | 32 GB ROM | Expandable Upto 256 GB17.32 cm (6.82 inch) HD+ Display13MP + Low Light Sensor | 8MP Front Camera6000 mAh Li-ion Polymer BatteryMediaTek Helio G25 Processor1 Year on Handset and 6 Months on Accessories,4.3,"₹7,499"
74,"Infinix Smart 5A (Quetzal Cyan, 32 GB)",2 GB RAM | 32 GB ROM | Expandable Upto 256 GB,16.56 cm (6.52 inch) HD+ Display,8MP + Depth Sensor | 8MP Front Camera,5000 mAh Li-ion Polymer Battery,MediaTek Helio A20 Processor,2 GB RAM | 32 GB ROM | Expandable Upto 256 GB16.56 cm (6.52 inch) HD+ Display8MP + Depth Sensor | 8MP Front Camera5000 mAh Li-ion Polymer BatteryMediaTek Helio A20 Processor1 Year on Handset and 6 Months on Accessories,4.4,"₹7,199"
75,"Infinix Smart 5A (Ocean Wave, 32 GB)",2 GB RAM | 32 GB ROM | Expandable Upto 256 GB,16.56 cm (6.52 inch) HD+ Display,8MP + Depth Sensor | 8MP Front Camera,5000 mAh Li-ion Polymer Battery,MediaTek Helio A20 Processor,2 GB RAM | 32 GB ROM | Expandable Upto 256 GB16.56 cm (6.52 inch) HD+ Display8MP + Depth Sensor | 8MP Front Camera5000 mAh Li-ion Polymer BatteryMediaTek Helio A20 Processor1 Year on Handset and 6 Months on Accessories,4.4,"₹7,199"
76,"Moto G71 5G (Arctic Blue, 128 GB)",6 GB RAM | 128 GB ROM,16.26 cm (6.4 inch) Full HD+ Display,50MP + 8MP + 2MP | 16MP Front Camera,5000 mAh Lithium-ion Polymer Battery,Qualcomm Snapdragon 695 Processor,6 GB RAM | 128 GB ROM16.26 cm (6.4 inch) Full HD+ Display50MP + 8MP + 2MP | 16MP Front Camera5000 mAh Lithium-ion Polymer BatteryQualcomm Snapdragon 695 Processor1 Year on Handset and 6 Months on Accessories,4.3,"₹18,999"
77,"realme Narzo 30 5G (Racing Silver, 128 GB)",6 GB RAM | 128 GB ROM | Expandable Upto 1 TB,16.51 cm (6.5 inch) Full HD+ Display,48MP + 2MP + 2MP | 16MP Front Camera,5000 mAh Battery,MediaTek Dimensity 700 (MT6833) Processor,6 GB RAM | 128 GB ROM | Expandable Upto 1 TB16.51 cm (6.5 inch) Full HD+ Display48MP + 2MP + 2MP | 16MP Front Camera5000 mAh BatteryMediaTek Dimensity 700 (MT6833) Processor1 Year Warranty for Mobile and 6 Months for Accessories,4.3,"₹16,999"
78,"Infinix Smart 5A (Midnight Black, 32 GB)",2 GB RAM | 32 GB ROM | Expandable Upto 256 GB,16.56 cm (6.52 inch) HD+ Display,8MP + Depth Sensor | 8MP Front Camera,5000 mAh Li-ion Polymer Battery,MediaTek Helio A20 Processor,2 GB RAM | 32 GB ROM | Expandable Upto 256 GB16.56 cm (6.52 inch) HD+ Display8MP + Depth Sensor | 8MP Front Camera5000 mAh Li-ion Polymer BatteryMediaTek Helio A20 Processor1 Year on Handset and 6 Months on Accessories,4.4,"₹7,199"
79,"POCO M4 Pro 5G (Power Black, 128 GB)",6 GB RAM | 128 GB ROM | Expandable Upto 1 TB,16.76 cm (6.6 inch) Full HD+ Display,50MP + 8MP | 16MP Front Camera,5000 mAh Lithium-ion Polymer Battery,Mediatek Dimensity 810 Processor,"6 GB RAM | 128 GB ROM | Expandable Upto 1 TB16.76 cm (6.6 inch) Full HD+ Display50MP + 8MP | 16MP Front Camera5000 mAh Lithium-ion Polymer BatteryMediatek Dimensity 810 ProcessorOne Year for Handset, 6 Months for Accessories",4.4,"₹16,999"
80,"SAMSUNG Galaxy F22 (Denim Blue, 128 GB)",6 GB RAM | 128 GB ROM | Expandable Upto 1 TB,16.26 cm (6.4 inch) HD+ Display,48MP + 8MP + 2MP + 2MP | 13MP Front Camera,6000 mAh Lithium-ion Battery,MediaTek Helio G80 Processor,6 GB RAM | 128 GB ROM | Expandable Upto 1 TB16.26 cm (6.4 inch) HD+ Display48MP + 8MP + 2MP + 2MP | 13MP Front Camera6000 mAh Lithium-ion BatteryMediaTek Helio G80 Processor1 Year Warranty Provided by the Manufacturer from Date of Purchase,4.3,"₹14,999"
81,"POCO M4 Pro (Cool Blue, 64 GB)",6 GB RAM | 64 GB ROM | Expandable Upto 1 TB,16.33 cm (6.43 inch) Full HD+ AMOLED Display,64MP + 8MP + 2MP | 16MP Front Camera,5000 mAh Lithium-ion Polymer Battery,Mediatek Helio G96 Processor,"6 GB RAM | 64 GB ROM | Expandable Upto 1 TB16.33 cm (6.43 inch) Full HD+ AMOLED Display64MP + 8MP + 2MP | 16MP Front Camera5000 mAh Lithium-ion Polymer BatteryMediatek Helio G96 ProcessorOne Year for Handset, 6 Months for Accessories",4.4,"₹14,999"
82,"SAMSUNG Galaxy M12 (Blue, 64 GB)",4 GB RAM | 64 GB ROM,16.51 cm (6.5 inch) Display,48MP Rear Camera,6000 mAh Battery,1 Year,4 GB RAM | 64 GB ROM16.51 cm (6.5 inch) Display48MP Rear Camera6000 mAh Battery1 Year,4.2,"₹10,478"
83,"Infinix Hot 11 (Silver Wave, 64 GB)",4 GB RAM | 64 GB ROM | Expandable Upto 256 GB,16.76 cm (6.6 inch) Full HD+ Display,13MP + Depth Lens | 8MP Front Camera,5200 mAh Li-ion Polymer Battery,MediaTek Helio G70 Processor,4 GB RAM | 64 GB ROM | Expandable Upto 256 GB16.76 cm (6.6 inch) Full HD+ Display13MP + Depth Lens | 8MP Front Camera5200 mAh Li-ion Polymer BatteryMediaTek Helio G70 Processor1 Year on Handset and 6 Months on Accessories,4.4,"₹9,999"
84,"POCO M4 Pro 5G (Cool Blue, 64 GB)",4 GB RAM | 64 GB ROM | Expandable Upto 1 TB,16.76 cm (6.6 inch) Full HD+ Display,50MP + 8MP | 16MP Front Camera,5000 mAh Lithium-ion Polymer Battery,Mediatek Dimensity 810 Processor,"4 GB RAM | 64 GB ROM | Expandable Upto 1 TB16.76 cm (6.6 inch) Full HD+ Display50MP + 8MP | 16MP Front Camera5000 mAh Lithium-ion Polymer BatteryMediatek Dimensity 810 ProcessorOne Year for Handset, 6 Months for Accessories",4.4,"₹14,999"
85,"MOTOROLA e40 (Carbon Gray, 64 GB)",4 GB RAM | 64 GB ROM | Expandable Upto 1 TB,16.51 cm (6.5 inch) HD+ Display,48MP + 2MP + 2MP | 8MP Front Camera,5000 mAh Battery,UNISOC T700 Processor,4 GB RAM | 64 GB ROM | Expandable Upto 1 TB16.51 cm (6.5 inch) HD+ Display48MP + 2MP + 2MP | 8MP Front Camera5000 mAh BatteryUNISOC T700 Processor1 Year on Handset and 6 Months on Accessories,4.1,"₹10,049"
86,"SAMSUNG Galaxy F22 (Denim Black, 128 GB)",6 GB RAM | 128 GB ROM | Expandable Upto 1 TB,16.26 cm (6.4 inch) HD+ Display,48MP + 8MP + 2MP + 2MP | 13MP Front Camera,6000 mAh Lithium-ion Battery,MediaTek Helio G80 Processor,6 GB RAM | 128 GB ROM | Expandable Upto 1 TB16.26 cm (6.4 inch) HD+ Display48MP + 8MP + 2MP + 2MP | 13MP Front Camera6000 mAh Lithium-ion BatteryMediaTek Helio G80 Processor1 Year Warranty Provided by the Manufacturer from Date of Purchase,4.3,"₹14,999"
87,"realme 9i (Prism Black, 128 GB)",6 GB RAM | 128 GB ROM | Expandable Upto 1 TB,16.76 cm (6.6 inch) Full HD+ Display,50MP + 2MP + 2MP | 16MP Front Camera,5000 mAh Lithium ion Battery,Qualcomm Snapdragon 680 (SM6225) Processor,6 GB RAM | 128 GB ROM | Expandable Upto 1 TB16.76 cm (6.6 inch) Full HD+ Display50MP + 2MP + 2MP | 16MP Front Camera5000 mAh Lithium ion BatteryQualcomm Snapdragon 680 (SM6225) Processor1 Year Manufacturer Warranty for Phone and 6 Months Warranty for in the Box Accessories,4.3,"₹15,999"
88,"realme C35 (Glowing Black, 128 GB)",4 GB RAM | 128 GB ROM | Expandable Upto 1 TB,16.76 cm (6.6 inch) Full HD+ Display,50MP + 2MP + 0.3MP | 8MP Front Camera,5000 mAh Lithium Polymer Battery,Unisoc Tiger T616 Processor,4 GB RAM | 128 GB ROM | Expandable Upto 1 TB16.76 cm (6.6 inch) Full HD+ Display50MP + 2MP + 0.3MP | 8MP Front Camera5000 mAh Lithium Polymer BatteryUnisoc Tiger T616 Processor1 Year Warranty for Phone and 6 Months Warranty for In-Box Accessories,4.4,"₹12,999"
89,"POCO C3 (Matte Black, 64 GB)",4 GB RAM | 64 GB ROM | Expandable Upto 512 GB,16.59 cm (6.53 inch) HD+ Display,13MP + 2MP + 2MP | 5MP Front Camera,5000 mAh Li-ion Polymer Battery,Mediatek Helio G35 Processor,4 GB RAM | 64 GB ROM | Expandable Upto 512 GB16.59 cm (6.53 inch) HD+ Display13MP + 2MP + 2MP | 5MP Front Camera5000 mAh Li-ion Polymer BatteryMediatek Helio G35 Processor1 Year on Handset and 6 Months on Accessories,4.3,"₹9,599"
90,"POCO M4 Pro 5G (Yellow, 128 GB)",6 GB RAM | 128 GB ROM | Expandable Upto 1 TB,16.76 cm (6.6 inch) Full HD+ Display,50MP + 8MP | 16MP Front Camera,5000 mAh Lithium-ion Polymer Battery,Mediatek Dimensity 810 Processor,"6 GB RAM | 128 GB ROM | Expandable Upto 1 TB16.76 cm (6.6 inch) Full HD+ Display50MP + 8MP | 16MP Front Camera5000 mAh Lithium-ion Polymer BatteryMediatek Dimensity 810 ProcessorOne Year for Handset, 6 Months for Accessories",4.4,"₹16,999"
91,"Infinix Note 11 (Graphite Black, 128 GB)",6 GB RAM | 128 GB ROM | Expandable Upto 512 GB,17.02 cm (6.7 inch) Full HD+ AMOLED Display,50 MP + 2 MP Depth Lens + AI Lens | 16MP Front Camera,5000 mAh Li-ion Polymer Battery,Mediatek Helio G88 Processor,6 GB RAM | 128 GB ROM | Expandable Upto 512 GB17.02 cm (6.7 inch) Full HD+ AMOLED Display50 MP + 2 MP Depth Lens + AI Lens | 16MP Front Camera5000 mAh Li-ion Polymer BatteryMediatek Helio G88 Processor1 Year on Handset and 6 Months on Accessories,4.2,"₹13,499"
92,"MOTOROLA e40 (Pink Clay, 64 GB)",4 GB RAM | 64 GB ROM | Expandable Upto 1 TB,16.51 cm (6.5 inch) HD+ Display,48MP + 2MP + 2MP | 8MP Front Camera,5000 mAh Battery,UNISOC T700 Processor,4 GB RAM | 64 GB ROM | Expandable Upto 1 TB16.51 cm (6.5 inch) HD+ Display48MP + 2MP + 2MP | 8MP Front Camera5000 mAh BatteryUNISOC T700 Processor1 Year on Handset and 6 Months on Accessories,4.1,"₹10,049"
93,"Infinix Note 11 (Graphite Black, 64 GB)",4 GB RAM | 64 GB ROM | Expandable Upto 512 GB,17.02 cm (6.7 inch) Full HD+ AMOLED Display,50 MP + 2 MP + AI Lens | 16MP Front Camera,5000 mAh Li-ion Polymer Battery,Mediatek Helio G88 Processor,4 GB RAM | 64 GB ROM | Expandable Upto 512 GB17.02 cm (6.7 inch) Full HD+ AMOLED Display50 MP + 2 MP + AI Lens | 16MP Front Camera5000 mAh Li-ion Polymer BatteryMediatek Helio G88 Processor1 Year on Handset and 6 Months on Accessories,4.3,"₹11,499"
94,"REDMI Note 10S (Shadow Black, 64 GB)",6 GB RAM | 64 GB ROM | Expandable Upto 512 GB,16.33 cm (6.43 inch) Full HD+ Display,64MP + 8MP + 2MP + 2MP | 13MP Front Camera,5000 mAh Lithium-Ploymer Battery,Mediatek Helio G95 Processor,6 GB RAM | 64 GB ROM | Expandable Upto 512 GB16.33 cm (6.43 inch) Full HD+ Display64MP + 8MP + 2MP + 2MP | 13MP Front Camera5000 mAh Lithium-Ploymer BatteryMediatek Helio G95 Processor1 Year Manufacturer Warranty for Phone and 6 Months Warranty for In the Box Accessories,4.2,"₹14,999"
95,"SAMSUNG Galaxy F22 (Denim Blue, 64 GB)",4 GB RAM | 64 GB ROM | Expandable Upto 1 TB,16.26 cm (6.4 inch) HD+ Display,48MP + 8MP + 2MP + 2MP | 13MP Front Camera,6000 mAh Lithium-ion Battery,MediaTek Helio G80 Processor,4 GB RAM | 64 GB ROM | Expandable Upto 1 TB16.26 cm (6.4 inch) HD+ Display48MP + 8MP + 2MP + 2MP | 13MP Front Camera6000 mAh Lithium-ion BatteryMediaTek Helio G80 Processor1 Year Warranty Provided by the Manufacturer from Date of Purchase,4.3,"₹12,999"
96,"MOTOROLA g31 (Meteorite Grey, 128 GB)",6 GB RAM | 128 GB ROM | Expandable Upto 1 TB,16.26 cm (6.4 inch) Full HD+ Display,50MP + 8MP + 2MP | 13MP Front Camera,5000 mAh LiPo Battery,Mediatek Helio G85 Processor,6 GB RAM | 128 GB ROM | Expandable Upto 1 TB16.26 cm (6.4 inch) Full HD+ Display50MP + 8MP + 2MP | 13MP Front Camera5000 mAh LiPo BatteryMediatek Helio G85 Processor1 Year on Handset and 6 Months on Accessories,4.2,"₹15,049"
97,"REDMI Note 10S (Frost White, 128 GB)",6 GB RAM | 128 GB ROM,16.33 cm (6.43 inch) Full HD+ Display,64MP + 8MP + 2MP + 2MP | 13MP Front Camera,5000 mAh Battery,MediaTek Helio G95 Processor,6 GB RAM | 128 GB ROM16.33 cm (6.43 inch) Full HD+ Display64MP + 8MP + 2MP + 2MP | 13MP Front Camera5000 mAh BatteryMediaTek Helio G95 Processor1 Year Manufacturer Warranty for Device and 6 Months Manufacturer Warranty for In-box Accessories,4.2,"₹16,370"
98,"REDMI Note 10S (Cosmic Purple, 128 GB)",8 GB RAM | 128 GB ROM,16.26 cm (6.4 inch) Display,64MP Rear Camera,5000 mAh Battery,1 Year Warranty,8 GB RAM | 128 GB ROM16.26 cm (6.4 inch) Display64MP Rear Camera5000 mAh Battery1 Year Warranty,4.2,"₹17,635"
99,"POCO M4 Pro (Cool Blue, 128 GB)",6 GB RAM | 128 GB ROM | Expandable Upto 1 TB,16.33 cm (6.43 inch) Full HD+ AMOLED Display,64MP + 8MP + 2MP | 16MP Front Camera,5000 mAh Lithium-ion Polymer Battery,Mediatek Helio G96 Processor,"6 GB RAM | 128 GB ROM | Expandable Upto 1 TB16.33 cm (6.43 inch) Full HD+ AMOLED Display64MP + 8MP + 2MP | 16MP Front Camera5000 mAh Lithium-ion Polymer BatteryMediatek Helio G96 ProcessorOne Year for Handset, 6 Months for Accessories",4.4,"₹16,499"
100,"realme 9 Pro+ 5G (Aurora Green, 128 GB)",8 GB RAM | 128 GB ROM,16.26 cm (6.4 inch) Full HD+ AMOLED Display,50MP + 8MP + 2MP | 16MP Front Camera,4500 mAh Li-ion Battery,Mediatek Dimensity 920 Processor,8 GB RAM | 128 GB ROM16.26 cm (6.4 inch) Full HD+ AMOLED Display50MP + 8MP + 2MP | 16MP Front Camera4500 mAh Li-ion BatteryMediatek Dimensity 920 Processor1 Year Warranty for Phone and 6 Months Warranty for In-Box Accessories,4.4,"₹26,999"
101,"realme 9 Pro+ 5G (Aurora Green, 128 GB)",6 GB RAM | 128 GB ROM,16.26 cm (6.4 inch) Full HD+ AMOLED Display,50MP + 8MP + 2MP | 16MP Front Camera,4500 mAh Li-ion Battery,Mediatek Dimensity 920 Processor,6 GB RAM | 128 GB ROM16.26 cm (6.4 inch) Full HD+ AMOLED Display50MP + 8MP + 2MP | 16MP Front Camera4500 mAh Li-ion BatteryMediatek Dimensity 920 Processor1 Year Warranty for Phone and 6 Months Warranty for In-Box Accessories,4.4,"₹24,999"
102,"realme 9 Pro+ 5G (Midnight Black, 128 GB)",8 GB RAM | 128 GB ROM,16.26 cm (6.4 inch) Full HD+ AMOLED Display,50MP + 8MP + 2MP | 16MP Front Camera,4500 mAh Li-ion Battery,Mediatek Dimensity 920 Processor,8 GB RAM | 128 GB ROM16.26 cm (6.4 inch) Full HD+ AMOLED Display50MP + 8MP + 2MP | 16MP Front Camera4500 mAh Li-ion BatteryMediatek Dimensity 920 Processor1 Year Warranty for Phone and 6 Months Warranty for In-Box Accessories,4.4,"₹26,999"
103,"Redmi 9A Sport (Carbon Black, 32 GB)",3 GB RAM | 32 GB ROM | Expandable Upto 512 GB,16.59 cm (6.53 inch) HD+ Display,13MP Rear Camera | 5MP Front Camera,5000 mAh Battery,MediaTek Helio G25 Processor,3 GB RAM | 32 GB ROM | Expandable Upto 512 GB16.59 cm (6.53 inch) HD+ Display13MP Rear Camera | 5MP Front Camera5000 mAh BatteryMediaTek Helio G25 Processor1 year manufacturer warranty for device and 6 months manufacturer warranty for in-box accessories including batteries from the date of purchase,4.4,"₹7,942"
104,"Redmi 9A Sport (Coral Green, 32 GB)",2 GB RAM | 32 GB ROM | Expandable Upto 512 GB,16.59 cm (6.53 inch) HD+ Display,13MP Rear Camera | 5MP Front Camera,5000 mAh Battery,MediaTek Helio G25 Processor,2 GB RAM | 32 GB ROM | Expandable Upto 512 GB16.59 cm (6.53 inch) HD+ Display13MP Rear Camera | 5MP Front Camera5000 mAh BatteryMediaTek Helio G25 Processor1 year manufacturer warranty for device and 6 months manufacturer warranty for in-box accessories including batteries from the date of purchase,4.2,"₹7,169"
105,"realme 9 5G SE (Starry Glow, 128 GB)",6 GB RAM | 128 GB ROM | Expandable Upto 1 TB,16.76 cm (6.6 inch) Full HD+ Display,48MP + 2MP + 2MP | 16MP Front Camera,5000 mAh Lithium Polymer Battery,Qualcomm Snapdragon 778G Processor,6 GB RAM | 128 GB ROM | Expandable Upto 1 TB16.76 cm (6.6 inch) Full HD+ Display48MP + 2MP + 2MP | 16MP Front Camera5000 mAh Lithium Polymer BatteryQualcomm Snapdragon 778G Processor1 Year Warranty for Phone and 6 Months Warranty for In-Box Accessories,4.5,"₹19,999"
106,"realme 9 5G SE (Starry Glow, 128 GB)",8 GB RAM | 128 GB ROM | Expandable Upto 1 TB,16.76 cm (6.6 inch) Full HD+ Display,48MP + 2MP + 2MP | 16MP Front Camera,5000 mAh Lithium Polymer Battery,Qualcomm Snapdragon 778G Processor,8 GB RAM | 128 GB ROM | Expandable Upto 1 TB16.76 cm (6.6 inch) Full HD+ Display48MP + 2MP + 2MP | 16MP Front Camera5000 mAh Lithium Polymer BatteryQualcomm Snapdragon 778G Processor1 Year Warranty for Phone and 6 Months Warranty for In-Box Accessories,4.5,"₹22,999"
107,"realme 9 5G SE (Azure Glow, 128 GB)",8 GB RAM | 128 GB ROM | Expandable Upto 1 TB,16.76 cm (6.6 inch) Full HD+ Display,48MP + 2MP + 2MP | 16MP Front Camera,5000 mAh Lithium Polymer Battery,Qualcomm Snapdragon 778G Processor,8 GB RAM | 128 GB ROM | Expandable Upto 1 TB16.76 cm (6.6 inch) Full HD+ Display48MP + 2MP + 2MP | 16MP Front Camera5000 mAh Lithium Polymer BatteryQualcomm Snapdragon 778G Processor1 Year Warranty for Phone and 6 Months Warranty for In-Box Accessories,4.5,"₹22,999"
108,"Redmi 9A Sport (Carbon Black, 32 GB)",2 GB RAM | 32 GB ROM | Expandable Upto 512 GB,16.59 cm (6.53 inch) HD+ Display,13MP Rear Camera | 5MP Front Camera,5000 mAh Battery,MediaTek Helio G25 Processor,2 GB RAM | 32 GB ROM | Expandable Upto 512 GB16.59 cm (6.53 inch) HD+ Display13MP Rear Camera | 5MP Front Camera5000 mAh BatteryMediaTek Helio G25 Processor1 year manufacturer warranty for device and 6 months manufacturer warranty for in-box accessories including batteries from the date of purchase,4.2,"₹7,038"
109,"POCO C31 (Royal Blue, 64 GB)",4 GB RAM | 64 GB ROM | Expandable Upto 512 GB,16.59 cm (6.53 inch) HD+ Display,13MP + 2MP + 2MP | 5MP Front Camera,5000 mAh Lithium-ion Polymer Battery,MediaTek Helio G35 Processor,"4 GB RAM | 64 GB ROM | Expandable Upto 512 GB16.59 cm (6.53 inch) HD+ Display13MP + 2MP + 2MP | 5MP Front Camera5000 mAh Lithium-ion Polymer BatteryMediaTek Helio G35 Processor1 Year Warranty for Handset, 6 Months for Accessories",4.4,"₹9,499"
110,"POCO M3 Pro 5G (Power Black, 64 GB)",4 GB RAM | 64 GB ROM | Expandable Upto 1 TB,16.51 cm (6.5 inch) Full HD+ Display,48MP + 2MP + 2MP | 8MP Front Camera,5000 mAh Lithium-ion Polymer Battery,MediaTek Dimensity 700 Processor,"4 GB RAM | 64 GB ROM | Expandable Upto 1 TB16.51 cm (6.5 inch) Full HD+ Display48MP + 2MP + 2MP | 8MP Front Camera5000 mAh Lithium-ion Polymer BatteryMediaTek Dimensity 700 ProcessorMultiple Hands-free Voice AssistantOne Year Warranty for Handset, 6 Months for Accessories",4.3,"₹11,999"
111,"POCO M3 Pro 5G (Cool Blue, 64 GB)",4 GB RAM | 64 GB ROM | Expandable Upto 1 TB,16.51 cm (6.5 inch) Full HD+ Display,48MP + 2MP + 2MP | 8MP Front Camera,5000 mAh Lithium-ion Polymer Battery,MediaTek Dimensity 700 Processor,"4 GB RAM | 64 GB ROM | Expandable Upto 1 TB16.51 cm (6.5 inch) Full HD+ Display48MP + 2MP + 2MP | 8MP Front Camera5000 mAh Lithium-ion Polymer BatteryMediaTek Dimensity 700 ProcessorMultiple Hands-free Voice AssistantOne Year Warranty for Handset, 6 Months for Accessories",4.3,"₹11,999"
112,"REDMI 9i Sport (Coral Green, 64 GB)",4 GB RAM | 64 GB ROM | Expandable Upto 512 GB,16.59 cm (6.53 inch) HD+ Display,13MP Rear Camera | 5MP Front Camera,5000 mAh Li-Polymer Battery,MediaTek Helio G25 Processor,4 GB RAM | 64 GB ROM | Expandable Upto 512 GB16.59 cm (6.53 inch) HD+ Display13MP Rear Camera | 5MP Front Camera5000 mAh Li-Polymer BatteryMediaTek Helio G25 ProcessorBrand Warranty of 1 Year Available for Mobile and 6 Months for Accessories,4.4,"₹8,999"
113,"realme C25_Y (Glacier Blue, 128 GB)",4 GB RAM | 128 GB ROM,16.51 cm (6.5 inch) HD+ Display,50MP + 2MP + 2MP | 8MP Front Camera,5000 mAh LiPo Battery,Unisoc T618 Processor,4 GB RAM | 128 GB ROM16.51 cm (6.5 inch) HD+ Display50MP + 2MP + 2MP | 8MP Front Camera5000 mAh LiPo BatteryUnisoc T618 Processor1 Year Domestic Warranty,4.5,"₹11,999"
114,"realme Narzo 50A (Oxygen Green, 128 GB)",4 GB RAM | 128 GB ROM | Expandable Upto 256 GB,16.51 cm (6.5 inch) HD+ Display,50MP + 2MP + 2MP | 8MP Front Camera,6000 mAh Battery,MediaTek Helio G85 Processor,4 GB RAM | 128 GB ROM | Expandable Upto 256 GB16.51 cm (6.5 inch) HD+ Display50MP + 2MP + 2MP | 8MP Front Camera6000 mAh BatteryMediaTek Helio G85 Processor1 Year Warranty for Mobile and 6 Months for Accessories,4.4,"₹12,549"
115,"realme Narzo 50A (Oxygen Blue, 128 GB)",4 GB RAM | 128 GB ROM | Expandable Upto 256 GB,16.51 cm (6.5 inch) HD+ Display,50MP + 2MP + 2MP | 8MP Front Camera,6000 mAh Battery,MediaTek Helio G85 Processor,4 GB RAM | 128 GB ROM | Expandable Upto 256 GB16.51 cm (6.5 inch) HD+ Display50MP + 2MP + 2MP | 8MP Front Camera6000 mAh BatteryMediaTek Helio G85 Processor1 Year Warranty for Mobile and 6 Months for Accessories,4.4,"₹12,549"
116,"Infinix Smart 5 (Morandi Green, 32 GB)",2 GB RAM | 32 GB ROM | Expandable Upto 256 GB,17.32 cm (6.82 inch) HD+ Display,13MP + Low Light Sensor | 8MP Front Camera,6000 mAh Li-ion Polymer Battery,MediaTek Helio G25 Processor,2 GB RAM | 32 GB ROM | Expandable Upto 256 GB17.32 cm (6.82 inch) HD+ Display13MP + Low Light Sensor | 8MP Front Camera6000 mAh Li-ion Polymer BatteryMediaTek Helio G25 Processor1 Year on Handset and 6 Months on Accessories,4.3,"₹7,499"
117,"realme Narzo 30 5G (Racing Blue, 64 GB)",4 GB RAM | 64 GB ROM | Expandable Upto 1 TB,16.51 cm (6.5 inch) Full HD+ Display,48MP + 2MP + 2MP | 16MP Front Camera,5000 mAh Battery,MediaTek Dimensity 700 (MT6833) Processor,4 GB RAM | 64 GB ROM | Expandable Upto 1 TB16.51 cm (6.5 inch) Full HD+ Display48MP + 2MP + 2MP | 16MP Front Camera5000 mAh BatteryMediaTek Dimensity 700 (MT6833) Processor1 Year Warranty for Mobile and 6 Months for Accessories,4.3,"₹14,999"
118,"MOTOROLA G60 (Soft Silver, 128 GB)",6 GB RAM | 128 GB ROM,17.22 cm (6.78 inch) Full HD+ Display,108MP + 8MP + 2MP | 32MP Front Camera,6000 mAh Battery,Qualcomm Snapdragon 732G Processor,6 GB RAM | 128 GB ROM17.22 cm (6.78 inch) Full HD+ Display108MP + 8MP + 2MP | 32MP Front Camera6000 mAh BatteryQualcomm Snapdragon 732G Processor120Hz Refresh RateStock Android Experience1 Year on Handset and 6 Months on Accessories,4.2,"₹17,999"
119,"Redmi 9A Sport (Metallic Blue, 32 GB)",3 GB RAM | 32 GB ROM | Expandable Upto 512 GB,16.59 cm (6.53 inch) HD+ Display,13MP Rear Camera | 5MP Front Camera,5000 mAh Battery,MediaTek Helio G25 Processor,3 GB RAM | 32 GB ROM | Expandable Upto 512 GB16.59 cm (6.53 inch) HD+ Display13MP Rear Camera | 5MP Front Camera5000 mAh BatteryMediaTek Helio G25 Processor1 year manufacturer warranty for device and 6 months manufacturer warranty for in-box accessories including batteries from the date of purchase,4.4,"₹8,049"
